author_id_1,author_id_2,n_colab
216,909247,1
677,341209,1
677,901706,1
704,1154238,1
704,1654970,1
1359,1657108,1
1989,42849,1
1989,208818,1
1989,1654628,1
2849,35450,1
2849,1302047,1
5965,25329,1
5965,251132,1
5992,1155786,1
5992,1697170,2
8379,444515,1
9258,482828,1
9258,1035878,1
9258,1395887,1
9258,1486455,1
10432,955145,1
10432,1702811,1
11513,160955,1
11513,161015,1
11513,1186909,1
11513,1665372,1
13297,306110,1
13297,1670596,1
14391,992923,1
14391,1665372,1
15055,1089709,1
15055,1092421,1
15055,1690915,1
20454,565787,1
20454,680277,1
20454,869427,1
20454,969432,1
22391,966071,1
22727,376217,1
22727,1660706,1
24223,128297,1
24223,1114942,1
24223,1310964,1
24223,1596728,1
24505,329899,1
24505,875089,2
24522,151576,1
24522,1181419,2
25329,251132,1
25330,1249999,1
25531,1016882,1
26113,804767,1
26118,575972,1
26750,200013,1
26750,355931,1
26750,1119348,1
26882,301572,1
26882,303231,1
26882,1594505,1
26882,1616309,1
27705,309105,1
27705,1698681,1
27717,480326,1
27717,541768,1
28849,1317207,1
31220,177349,1
31220,307088,1
31220,883802,1
31994,193424,1
32626,450666,1
33052,1318406,1
33521,368258,1
33521,782577,1
35030,715742,1
35030,982770,1
35450,1302047,1
36692,264423,1
36692,450172,1
37042,1087787,1
38110,312553,1
38110,318257,1
38110,920147,1
38110,1480702,1
42158,73050,1
42158,539505,1
42158,1539010,1
42158,1629915,1
42158,1677786,1
42849,151846,1
42849,367047,1
42849,398273,1
42849,1175070,2
42849,1327115,1
42849,1415869,1
42849,1471573,1
42849,1540887,1
42945,1368416,1
42945,1693155,1
43547,914970,1
43547,995035,1
44109,426046,1
44109,942948,1
44109,969211,1
45052,485135,1
46701,271030,1
46701,662407,1
46701,1398249,2
46701,1428394,2
46701,1469208,1
48290,860703,1
48596,720243,1
48596,1267566,1
49731,512124,1
49731,636102,1
49731,1119921,1
49731,1152330,1
50062,87264,1
50062,849560,1
50062,892292,1
50062,1494679,1
51893,717757,1
51893,1189781,1
51893,1627114,1
51977,1133531,1
52245,70562,1
52245,329817,1
52245,341250,1
52250,1417840,2
54529,139507,1
55098,1178523,1
55098,1648038,1
55098,1690953,1
55522,190521,1
55522,338699,1
55522,916924,1
56955,389776,1
57950,450666,1
58704,426383,1
59117,231837,1
59117,232815,1
59117,301312,1
59117,524175,1
59117,1206667,1
59136,70079,1
59648,112055,1
59648,274852,1
59648,1307249,1
60382,510843,1
60382,1546002,1
60470,506190,1
60786,448775,1
60786,1119781,1
61452,127182,1
61452,596053,1
61452,949666,1
61452,1222902,1
61452,1415728,1
62099,179063,1
62099,804273,1
62099,1043807,1
62099,1120524,1
62329,83043,1
62329,1230702,1
62725,1383334,1
62725,1632312,1
62725,1645402,1
62752,150281,1
62752,482470,1
65537,635823,2
65537,989221,1
65537,1379870,2
68413,335900,2
68688,913019,1
68688,1194519,1
68688,1417840,1
68688,1650436,1
68922,407780,1
68922,417771,1
68922,526246,1
68922,538323,1
68922,1136650,1
69298,442034,1
69298,1008637,1
69321,111860,1
69321,154919,1
69321,568325,1
70562,329817,1
70562,341250,1
70562,466059,3
70562,647779,1
70562,868927,1
70562,990857,2
70562,1046398,1
70562,1194519,2
70562,1226323,1
70562,1242123,1
70562,1412700,1
70562,1652699,1
70979,847570,1
71288,1141585,1
71471,207798,1
71471,344418,1
71471,420206,1
71471,554203,3
71471,848486,3
71471,880722,2
71471,1077615,3
71471,1524221,3
71471,1535303,2
72883,709882,1
73050,1629915,1
73109,921539,1
74083,115640,1
74083,805614,1
74460,1152330,1
74560,193881,1
74560,1147111,1
74620,260599,1
74620,830165,1
74620,1195760,1
74695,825663,1
74730,318863,1
74730,869333,1
74730,1372086,1
74730,1573607,1
74878,164316,1
74878,1480696,1
75163,86912,1
75163,566321,1
75163,874723,1
79071,431572,2
79071,1027403,1
79599,440717,1
79599,811494,1
79599,1686498,1
80842,461109,1
82624,120050,1
82624,983256,1
83043,263787,1
83043,330696,1
83043,403672,1
83043,1088942,1
83043,1230702,1
83043,1592100,1
83043,1709864,1
83044,339279,1
83044,502983,1
83044,760402,1
83044,841367,2
83044,1111973,2
83044,1260856,1
84610,487132,1
84610,1566983,1
85961,179257,1
85961,1374767,1
86694,527485,1
86694,554203,1
86694,1535303,1
86912,477008,1
86912,519481,1
86912,566321,2
86912,874723,1
86912,1177970,1
86912,1330471,1
86912,1579136,2
86912,1709879,1
87067,618645,1
87067,1016632,1
87264,849560,1
87264,892292,1
87264,1494679,1
89038,1231897,1
89038,1349638,1
89673,1366713,1
92750,882006,1
92780,210628,1
92780,942986,1
93228,409469,1
93301,344307,1
93301,1326300,1
93633,643440,1
93633,1119049,1
94424,335900,1
94424,573826,1
94497,855700,1
94497,1094934,1
94497,1523312,1
95118,446365,1
95820,525955,1
95820,865518,2
95820,1618960,3
95820,1652699,1
95878,1695306,1
95924,612605,1
95924,1602934,1
96156,874723,1
96156,1028155,1
97085,677887,1
97085,1034397,1
97520,504174,1
98783,496963,1
99157,1026080,1
99640,429030,1
100313,339621,1
100313,1611855,1
101042,505499,1
101042,543975,1
101042,653815,2
101042,1194519,1
101042,1652699,1
101151,310912,1
101151,679884,1
101151,721725,1
101151,767097,1
101151,805118,1
101151,1528899,1
101160,534693,1
101414,735112,1
101414,1286889,1
101414,1641126,1
101804,769248,1
103600,506007,1
105682,242262,1
105682,772572,1
106304,745197,1
106304,1142069,1
109158,1056428,1
109158,1586020,1
109411,1280557,1
109575,1170666,1
109914,1123210,1
109914,1495780,1
110423,1398249,1
110423,1584402,1
111250,574064,1
111637,1629771,1
111860,154919,1
111860,568325,1
112055,274852,1
112055,1307249,1
112310,377961,1
112310,1404682,1
112540,307638,1
112540,388510,1
112540,868927,1
115640,805614,1
117201,190198,1
117201,239917,1
117201,335803,1
117201,497328,1
117201,510157,1
117201,529517,1
117201,1016692,1
118181,519244,1
118181,1448955,1
118181,1563394,1
118591,494270,1
118591,989083,1
118591,1072094,1
118591,1265948,1
118591,1645402,1
119404,392741,1
119404,393041,2
119404,1328266,1
119404,1402449,1
119404,1583314,1
120050,983256,1
124295,872504,1
124295,1622190,1
124490,421775,2
124490,468873,1
124490,532138,1
124490,913295,1
125996,791828,1
125996,809889,1
127182,1222902,1
127182,1415728,1
127466,487432,1
127466,1266815,1
127997,460609,1
128049,299137,1
128049,605009,1
128049,901706,1
128049,917221,1
128049,1082878,1
128049,1239730,1
128480,268449,1
128480,1052084,1
128480,1696004,1
128585,758263,1
128585,1260856,1
129362,681635,1
129362,1402449,1
130774,1194519,1
134224,1265132,1
136704,145217,1
136704,1183850,1
139402,362496,1
139402,419605,1
139402,1405674,1
140838,1465043,1
143038,436018,1
143038,1369484,1
143684,358163,2
143684,596112,1
143684,691276,1
143684,768045,1
143684,848446,1
143684,873427,1
143684,909257,1
143684,928516,1
143684,1191133,1
143684,1549345,1
144713,150582,1
144713,485982,1
144713,543654,1
144713,676333,3
144713,803898,1
144713,805339,2
144713,830866,2
144713,1005461,2
144713,1604991,1
144713,1674341,2
145217,1183850,1
145422,1322329,1
145422,1464779,1
146123,882006,1
146123,1465043,1
147013,284447,1
147013,532167,3
147013,682633,1
147461,392741,1
147461,558445,1
147461,1328266,1
147461,1336589,1
147983,567385,1
148492,299976,1
148492,392741,1
148492,547871,1
148492,1328266,1
148563,967581,1
149070,1083073,1
149070,1553426,1
149215,471430,4
149215,1227515,4
149215,1633944,4
149265,1340682,1
149504,614387,1
149504,1200549,1
149504,1208435,1
149504,1323032,4
149504,1442475,1
149504,1693163,1
149511,649177,1
149530,330582,1
149530,445154,1
149530,704958,1
149530,830165,2
150281,482470,1
150582,485982,1
150582,803898,1
150582,805339,1
150582,1604991,1
151238,251132,1
151238,390345,1
151238,923924,1
151238,1043585,1
151576,1181419,1
151846,1415869,1
151846,1540887,1
153181,900023,1
154919,568325,1
158820,752845,1
158820,810437,1
159006,688367,1
159168,617966,2
159168,1379100,1
160385,749550,1
160385,1259503,1
160955,161015,1
160955,880864,1
161015,1186909,1
161195,874483,1
161248,650363,1
161282,604522,1
161282,1188964,1
161710,1259503,1
161710,1573607,1
162198,1332663,1
162506,721874,1
162506,868927,1
163787,431572,1
163787,796390,1
163787,803514,1
164316,1480696,1
171177,570526,1
173570,364156,1
173570,561805,1
173903,241913,1
173903,398573,1
173903,1014141,1
173903,1189525,1
174042,1423633,1
174717,477008,1
174717,1183229,1
177349,307088,1
177349,883802,1
179063,804273,1
179063,1120524,1
179257,1374767,1
179373,1354465,1
179523,192388,1
179523,532167,1
179523,667435,1
179610,621252,1
180287,374591,1
180338,366724,1
186193,384963,1
186193,1417034,1
186193,1602810,1
188086,574732,1
188086,793368,1
189375,503560,1
189375,729076,1
189375,1521603,1
190198,239917,1
190198,335803,1
190521,338699,1
190521,916924,1
191048,440634,1
191048,595755,1
191048,1131413,1
191321,480767,1
191321,650898,1
191321,1169313,1
191321,1286087,1
191321,1604032,1
191321,1604769,1
191434,995035,1
191434,1086988,1
191434,1347120,1
192242,1315198,1
192388,193526,1
192388,532167,1
192388,654649,2
192388,667435,1
193424,672079,1
193526,654649,1
193558,367618,1
193558,982477,1
193558,1225342,1
193634,767742,2
193634,827993,1
193634,1333179,1
193634,1480237,1
193881,330696,1
193881,403672,1
193881,690693,1
193881,1118364,1
193881,1147111,1
198755,708915,1
198755,839850,1
200013,355931,1
200013,1119348,1
201114,861156,1
201114,1370017,1
201745,478930,2
201745,957685,1
201745,1571972,1
203712,1627376,1
203813,1422842,1
203813,1450763,1
204588,261748,1
204588,596771,1
204588,1192850,1
204588,1354514,1
205402,1316168,1
207798,420206,1
207798,554203,1
207798,848486,1
207798,880722,1
207798,1077615,1
207798,1524221,1
207798,1535303,1
208590,672540,1
208590,1586812,1
208772,247860,1
208772,329870,1
208772,532470,2
208772,705348,1
208772,708915,1
208772,816350,2
208772,897688,1
208772,975037,1
208772,1034275,1
208772,1097853,1
208772,1165140,1
208772,1240325,1
208772,1540428,1
208818,1654628,1
209107,615425,1
209203,354406,1
209203,430119,1
209203,515593,1
209203,1412127,1
209645,318275,1
209645,1618546,1
210216,1027532,1
210216,1304547,1
210216,1325560,1
210366,525262,1
210366,619018,1
210366,847570,1
210366,1556072,1
210628,301236,1
210628,445544,1
210628,790935,1
210628,942986,2
210628,1557684,1
210667,1357344,1
215670,1330471,1
216437,1094475,1
216437,1218486,1
218608,1240079,1
218944,721723,1
218944,842130,1
218944,1102663,1
218944,1583540,1
221379,790878,1
221867,620242,1
223474,439977,1
224633,1695695,1
226392,532494,1
226392,681635,1
226392,1402449,1
226392,1631565,1
228964,276389,1
228964,387060,1
228964,425736,1
228964,476099,1
228964,1361320,1
229391,1452835,1
229470,509210,1
229470,670513,1
229470,778459,1
229470,831462,1
229470,1314805,1
229470,1439763,1
229470,1612766,1
229470,1705477,1
229805,1360683,2
230016,1222902,1
230180,574026,1
230488,953034,1
230488,1115858,1
230488,1176148,1
231837,232815,1
231976,1120329,1
232815,335900,1
232815,368640,1
235117,572593,1
235117,759439,1
235117,919791,1
235117,1192847,1
235686,721874,1
236724,848748,1
236724,941501,1
239917,335803,1
241913,1014141,1
242262,772572,1
242543,351918,1
242543,418828,1
242543,447758,1
242543,607575,1
242543,747473,1
242543,803617,1
242543,814056,1
242543,958701,1
242543,1222902,1
242543,1480651,1
242543,1603275,1
242807,877017,1
242807,1612968,1
243350,264363,2
243350,466059,2
243485,1475709,1
243754,1212098,1
244671,709906,1
244671,1100701,1
246550,1027446,1
246550,1045090,1
247860,532470,1
250142,251132,1
250142,380572,1
250142,923924,1
250142,1649356,1
250660,491856,2
250660,1548314,1
251132,380572,1
251132,390345,2
251132,830165,1
251132,923924,2
251132,1043585,1
251132,1649356,1
251272,272658,1
251272,401334,1
251272,786969,1
253049,255733,1
253049,351918,1
253049,921010,1
253049,1026691,1
253049,1313689,1
253691,1097150,1
253691,1193697,1
253799,501263,1
253799,786128,1
253799,1146776,1
253818,1585454,1
255733,315364,1
255733,351918,2
255733,392741,1
255733,447758,1
255733,779681,1
255733,921010,1
255733,954827,1
255733,1026691,2
255733,1313689,1
255733,1319479,1
256556,288902,1
256556,493000,2
256556,512090,2
256556,523032,1
256556,639164,1
256556,821399,1
256556,1229340,2
256556,1360349,1
256556,1555395,1
256556,1612467,1
256556,1612738,2
258080,354072,1
258080,1379870,1
258587,728734,1
258587,805604,1
258587,1158347,1
258587,1310060,1
258587,1504351,1
258909,583529,1
258909,1343461,1
258909,1405926,1
259756,1360723,1
259756,1360969,1
259834,1240079,1
260599,759683,1
260599,830165,1
260599,1195760,1
261022,329817,1
261022,768843,1
261022,1348360,3
261022,1698809,1
261571,1087787,1
261571,1105598,1
261682,498728,1
262035,565531,1
262035,1581401,1
263292,749629,1
263292,1581312,1
263360,1227479,1
263376,531299,1
264210,475799,1
264210,496963,1
264210,567345,1
264210,1095139,1
264210,1120281,1
264210,1430839,1
264363,466059,2
264423,450172,1
265505,521535,1
268449,1052084,1
268449,1696004,1
271030,1398249,1
271030,1428394,1
271030,1469208,1
271030,1577302,1
272658,401334,1
272658,786969,1
273782,445154,1
274716,923945,1
274836,532138,1
274836,968258,1
274852,1307249,1
275570,352417,1
275570,575016,1
275570,1104890,1
275842,1169909,1
276389,321967,1
276389,387060,1
276389,425736,1
276389,476099,1
276389,1098396,1
276389,1361320,2
276456,1227520,1
276456,1242125,1
284447,532167,3
284447,682633,3
284658,531299,1
284658,580053,2
284658,596771,1
284658,1531188,1
284658,1711030,1
285351,786145,1
285351,1653450,1
285923,392741,2
288303,442114,1
288303,570876,1
288303,1665372,1
288713,1200102,1
288831,574732,1
288831,793368,1
288902,493000,1
288902,512090,1
288902,523032,1
288902,639164,1
288902,821399,1
288902,1229340,1
288902,1360349,1
288902,1555395,1
288902,1612467,1
288902,1612738,1
290258,307638,1
290258,951398,1
290258,1253558,1
290258,1371124,1
290611,772572,1
290611,921324,1
290611,1546626,1
290916,512349,1
293126,362849,1
293126,702397,1
293126,1399305,1
293126,1657844,1
294461,898600,1
295676,1332476,1
299137,1239730,1
299976,392741,1
299976,547871,1
299976,1328266,1
300959,1073133,1
300959,1526560,1
301236,445544,1
301236,790935,1
301236,942986,1
301283,1056385,1
301283,1559032,1
301312,524175,1
301312,769248,1
301312,804270,1
301312,1206667,2
301312,1511907,1
301312,1526388,1
301572,303231,1
301572,316016,1
301572,1169023,1
301572,1179064,3
301572,1342063,1
301572,1357489,1
301572,1502047,3
301572,1594505,1
301572,1603699,2
301572,1616309,2
301599,303069,1
303069,878209,1
303069,1032665,1
303231,1594505,1
303231,1616309,1
303450,1053804,2
303450,1161797,2
303450,1553524,2
303450,1592548,1
304174,964474,1
304819,1480655,1
305281,1453295,1
305938,443308,1
305938,724453,1
305938,725068,1
305938,1492794,1
306110,1670596,1
306197,575972,2
306197,1034397,2
306324,756618,1
306324,1322705,1
307088,537597,1
307088,883802,1
307088,1120029,1
307088,1250295,1
307088,1315408,1
307088,1331134,1
307088,1608333,1
307393,510157,1
307638,388510,1
307638,868927,1
307638,1371124,1
307786,1708361,1
307951,1139164,1
308036,791106,1
308082,585020,1
308619,1155826,1
309105,632770,1
309105,862275,1
309105,1698681,2
309155,543529,1
309155,805299,1
309155,905637,1
310501,922652,1
310501,1629808,1
310912,679884,1
310912,721725,1
310912,767097,1
310912,805118,1
310912,1528899,1
312023,966517,1
312467,353547,1
312467,390900,1
312467,723112,1
312467,903306,1
312467,1625554,1
312553,318257,2
312553,920147,1
312553,1095311,1
312553,1480702,1
315364,392741,3
315364,450625,1
315364,954827,1
315364,1015994,1
315364,1026691,1
315364,1319479,1
316016,1616309,1
316542,921236,1
316580,413922,1
316580,604755,1
316580,618942,1
316784,561135,1
316784,1222902,1
317575,605009,1
317575,720285,1
318257,769963,1
318257,803013,1
318257,920147,1
318257,1480702,2
318275,1618546,2
318323,794476,1
318411,869237,1
318411,1161581,1
318411,1652748,1
318863,1573607,1
320994,636945,1
321967,1098396,1
321967,1361320,1
322050,502983,1
324419,574732,1
327710,1521860,1
329817,341250,1
329817,466059,1
329817,510157,1
329817,515638,1
329817,523691,1
329817,526900,1
329817,620574,1
329817,633127,2
329817,768843,2
329817,990997,1
329817,1348360,1
329817,1469538,1
329817,1631822,1
329817,1698809,1
329846,960513,1
329846,1372630,1
329870,532470,1
329870,708915,1
329870,1034275,1
329870,1097853,1
329899,875089,1
330533,1280403,1
330582,704958,1
330696,403672,2
330696,617442,1
330696,690693,1
330696,953034,1
330696,1118364,1
330696,1504490,1
330696,1709864,1
330840,498313,1
330840,1320684,1
330975,519291,1
330975,735744,1
331989,1191433,1
331989,1512456,1
332258,727262,1
332258,1364874,1
335900,368640,1
335900,573826,1
335900,670393,2
335900,1630382,1
337256,605009,1
338274,831476,1
338274,852087,1
338274,1132948,1
338699,916924,1
339279,760402,1
339279,841367,1
339279,1111973,1
339384,633711,1
339384,1608333,1
339384,1664238,1
339621,1611855,1
339762,502347,2
339762,502983,1
339762,910678,2
340358,661634,1
340358,756639,1
340449,851464,1
340449,920978,1
340449,1218390,1
341132,410585,1
341132,847570,1
341248,519908,1
341248,1259503,1
341248,1573607,1
341250,502983,1
341250,890730,1
341250,1652699,1
341250,1672919,1
344288,608302,1
344288,1263589,1
344418,554203,1
344418,848486,1
344418,880722,1
344418,1077615,1
344418,1524221,1
346275,704287,1
346275,1585312,1
347730,621973,1
347730,1308793,1
347802,456299,1
347802,539646,1
347802,1027328,1
350853,1185514,1
350853,1398249,1
350853,1428394,1
351918,447758,2
351918,779681,1
351918,921010,1
351918,958701,1
351918,1026691,1
351918,1313689,1
351918,1480651,1
352417,575016,1
352417,1104890,1
353547,390900,1
353547,723112,1
353547,903306,1
353547,1625554,1
354072,1379870,1
354127,788516,1
354127,1337695,1
354127,1583364,1
354301,1080209,1
354406,430119,1
354406,515593,1
354406,1412127,1
355132,1137419,1
355132,1614047,1
355204,465966,1
355204,956204,1
355424,987795,2
355931,552639,1
355931,1119348,1
356561,418304,1
356561,867095,1
356561,1163215,1
356561,1680915,1
358163,405178,1
358163,848446,1
358163,873427,1
358163,1048365,1
358163,1192607,1
358163,1549345,1
358570,1607658,1
359002,499951,1
359002,856325,1
360875,779274,2
360875,874723,1
360875,1618180,2
362496,419605,1
362496,1405674,1
362849,702397,1
362849,1399305,1
362849,1657844,1
362975,923974,1
363034,467652,1
363754,578881,1
363754,588171,1
363754,1352193,1
363829,556144,1
363829,1580315,1
363829,1630228,1
363948,500942,1
364156,561805,1
364672,388179,1
364672,1555395,1
364672,1600170,1
364672,1612738,1
365154,1195814,1
365154,1551612,1
365587,1167651,1
366014,877149,1
366014,1573607,1
367337,1654895,2
367337,1671107,2
367618,982477,1
367618,1225342,1
367820,532167,1
367820,667436,1
368018,1425829,1
368258,782577,2
368258,802955,1
368258,922337,1
368258,924152,1
368258,1335235,1
368258,1552562,2
368258,1556428,2
371851,917221,1
371851,1524514,1
372621,868272,1
372621,1475709,1
373653,1118397,1
373653,1242123,1
374316,441955,1
374316,1379870,1
376217,885663,1
376217,903057,1
376217,1660706,2
377630,590362,1
377630,1506013,1
377785,482450,2
377897,1156563,1
377961,1404682,1
378049,548060,1
378049,1318540,1
378049,1398481,1
379259,1318540,1
379951,1488351,1
380153,664155,1
380153,802364,1
380153,1668397,1
380572,923924,1
380572,1649356,1
382648,1163227,1
382648,1228117,2
382648,1459525,1
383879,1114942,1
383879,1358797,1
383879,1596728,1
384963,1417034,1
384963,1602810,1
385705,591284,1
385705,830260,1
385705,1091051,1
387060,425736,1
387060,476099,1
387060,1361320,1
388179,1555395,1
388179,1600170,1
388179,1612738,1
388510,408661,1
388510,573146,1
388510,868927,1
390043,1456214,1
390345,830165,1
390345,923924,1
390345,1043585,1
390900,723112,1
390900,903306,1
390900,1625554,1
391837,993849,1
391837,1127086,1
392189,596884,1
392189,904222,1
392741,393041,1
392741,450625,1
392741,547871,1
392741,558445,1
392741,954827,1
392741,1015994,1
392741,1026691,1
392741,1319479,1
392741,1328266,3
392741,1336589,1
392741,1583314,1
393041,754354,1
393041,1220010,1
393041,1328266,1
393041,1402449,1
393041,1583314,1
394378,959454,1
394952,731615,2
394952,1604579,1
395804,611723,1
395804,1441517,1
395804,1633034,2
397997,841159,1
398573,847570,1
398573,1189525,1
401334,621476,1
401334,786969,1
402782,497322,1
403672,690693,1
403672,1118364,1
403672,1709864,1
404205,490220,1
404205,899610,1
404205,1629618,2
404573,531352,1
404573,536062,1
404573,539578,1
404573,1262870,1
404573,1287428,1
404573,1618782,1
405178,1048365,1
405178,1192607,1
405387,406502,1
405756,1102663,1
406502,1675468,1
407780,417771,1
407780,526246,1
407780,538323,1
407780,1136650,1
408661,417210,1
408661,573146,2
408661,1086916,2
408661,1259503,1
409211,539433,1
409211,689904,1
409211,864475,1
409211,1153920,2
409211,1608076,1
409211,1657500,1
409469,1211129,1
409742,568463,1
409742,1098396,1
409742,1632700,1
410498,505499,2
410498,760402,3
410498,841367,1
410498,1582834,1
410498,1707622,1
410585,574026,1
410585,847570,2
410585,955646,1
410585,994130,1
410719,1044552,1
411044,523533,1
411462,1200102,1
411831,539646,1
411831,970587,1
411831,1149127,1
413196,418600,1
413922,604755,1
413922,618942,1
413983,721874,1
413983,868927,1
414173,534055,1
414173,772572,1
414173,1155267,1
415393,532456,1
415393,730910,1
415393,1551612,1
415393,1612923,1
415689,831699,1
415689,1154258,1
417108,966469,1
417108,1354118,1
417190,1177265,1
417190,1178293,1
417190,1329922,1
417270,1090046,1
417771,526246,1
417771,538323,1
417771,1136650,1
418304,867095,1
418304,1163215,1
418304,1680915,1
418828,607575,1
418828,747473,1
418828,803617,1
418828,814056,1
418828,1222902,1
418828,1603275,1
419605,1405674,1
420206,554203,1
420206,848486,1
420206,880722,1
420206,1077615,1
420206,1524221,1
420206,1535303,1
420268,1479900,1
420589,514536,1
420676,716834,1
421775,913295,1
422403,429456,1
422403,874723,1
425736,476099,1
425736,1361320,1
426046,942948,1
426046,969211,1
427607,946912,1
429134,827780,1
429456,874723,1
429751,461109,1
430117,1139766,1
430117,1265372,1
430119,485916,1
430119,515593,1
430119,1412127,2
431572,793178,1
431572,796390,1
431572,803514,1
431572,1027403,1
436018,1369484,1
440634,595755,2
440634,1131413,1
440717,811494,1
440717,1686498,1
441250,793177,1
441250,834708,1
441250,1269207,1
441955,1379870,1
442114,570876,2
442114,1665372,1
442502,917018,1
443308,724453,1
443308,725068,1
443308,1492794,1
443795,1107594,1
443795,1271852,1
443924,987795,1
444945,1129742,1
445010,772572,1
445010,955340,1
445010,1155267,1
445010,1325885,1
445148,649343,1
445148,1104383,2
445148,1480655,1
445148,1616922,1
445148,1693774,1
445154,830165,1
445293,921683,1
445544,790935,1
445544,942986,1
446367,1122459,1
446367,1299391,1
446367,1351785,1
446367,1629533,1
447560,504613,1
447758,779681,1
447758,958701,1
447758,1480651,1
448280,580654,1
448280,849964,1
448280,1078357,1
448280,1115756,1
448280,1133910,1
448775,1119781,1
450625,1015994,1
450666,594577,1
450666,625054,1
450666,731615,1
451678,1260730,1
452087,1011761,1
452087,1615886,1
452599,462301,1
454658,1227479,1
456299,539646,1
456299,1027328,1
459319,1213921,1
459319,1271623,1
459319,1342063,2
459319,1603699,2
459610,1382691,1
459610,1704302,1
460609,473858,1
460609,521467,1
460609,1192739,1
460609,1318540,1
460609,1707622,1
462752,1306717,1
462752,1630460,1
465966,956204,1
466059,523691,1
466059,630142,1
466059,647779,1
466059,667956,3
466059,943045,1
466059,990857,2
466059,1131476,1
466059,1165902,1
466059,1412700,1
466059,1579818,1
466059,1628448,1
467341,524382,1
467341,734027,1
467341,1284839,1
467341,1471531,1
468873,532138,1
468873,1143167,1
471430,1227515,4
471430,1633944,4
471815,1456214,1
471960,544673,1
471960,702397,1
471960,1657844,1
473014,536062,1
473014,1555395,1
473014,1612738,1
473858,982785,1
473858,992328,1
473858,1198184,1
473858,1315408,1
473858,1318540,2
474982,667831,1
474982,908144,1
474982,1284700,1
475799,567345,1
475799,1095139,1
475799,1430839,1
475922,793899,1
475922,1053031,1
476099,1361320,1
477008,488988,1
477008,519481,1
477008,930851,1
477008,1183229,1
477326,1190103,1
477355,681533,1
477355,800771,1
477355,1300290,1
477632,1621104,1
478930,957685,1
478930,1571972,1
479355,1014895,1
479355,1623185,1
479964,635469,1
479964,1480655,1
479964,1593499,1
480352,1125854,1
480352,1142024,1
480767,650898,1
480767,1169313,1
480767,1286087,1
480767,1604032,1
480767,1604769,1
481333,1596333,1
481349,593624,1
481349,904222,1
481525,677381,1
481525,1265372,1
481525,1552613,1
482828,1035878,1
482828,1395887,1
482828,1486455,1
484193,726304,1
484193,1488848,1
485204,875626,1
485204,887836,1
485204,1640260,1
485392,644014,1
485392,949876,1
485499,563954,1
485499,1167651,1
485916,1412127,1
485982,803898,1
485982,805339,1
485982,1604991,1
486908,1059510,1
486908,1369633,1
487023,659662,1
487023,1355231,1
487132,1566983,1
487192,801414,1
487192,805339,1
487192,1567735,1
487432,1266815,2
487452,1528221,1
488025,708950,1
488988,930851,1
490220,1629618,1
490257,629033,1
490257,1398249,1
491788,717441,1
491788,1166246,1
491796,1139547,1
491856,1014154,1
491856,1548314,1
491856,1638741,1
492319,1306717,1
493000,512090,2
493000,523032,1
493000,639164,1
493000,821399,1
493000,1229340,2
493000,1360349,1
493000,1555395,1
493000,1612467,1
493000,1612738,2
494270,1072094,1
496963,1120281,1
497328,529517,1
498313,1320684,1
499435,1402449,2
499435,1410998,2
499951,856325,1
500947,705583,1
500947,860703,1
501263,562662,1
501263,786128,1
501263,1077025,1
501263,1146776,1
502170,841393,1
502170,1125836,1
502170,1619288,1
502347,910678,2
502347,1650432,1
502789,1044552,1
502983,562162,2
502983,590042,1
502983,890730,1
502983,891547,1
502983,1260856,1
502983,1329048,4
502983,1440831,1
502983,1573607,1
502983,1652699,1
502983,1672919,1
503412,953034,1
504613,1139935,2
504613,1636577,1
504613,1661638,1
505110,1674341,1
505419,987795,1
505499,543975,1
505499,760402,2
505499,841367,1
505499,1283428,1
505499,1582834,1
505499,1707622,1
506007,552834,3
506007,632849,2
506007,771611,1
506007,1274219,1
506007,1309657,1
506007,1563394,1
506190,592908,1
507307,666476,1
509210,670513,1
509210,778459,1
509210,831462,1
509210,1314805,1
509210,1439763,1
509210,1612766,1
509210,1705477,1
510052,878883,1
510052,1258634,1
510157,752889,1
510157,955145,1
510157,990997,3
510157,1016692,1
510157,1469538,2
510843,1546002,1
512090,523032,2
512090,639164,1
512090,821399,2
512090,1123203,1
512090,1165601,1
512090,1229340,2
512090,1360349,1
512090,1555395,2
512090,1612467,2
512090,1612738,2
512124,636102,1
512124,1152330,1
512349,667119,1
514162,629895,1
514162,1192739,1
514162,1254967,1
515593,1412127,1
515638,526900,1
515638,1698809,1
516207,1695306,1
516828,850154,1
516828,1107277,1
518341,636102,2
518341,1121805,1
518462,1195814,1
518462,1322329,1
518595,1099074,1
519244,1448955,1
519244,1563394,1
519291,735744,1
519908,1259503,1
519908,1573607,1
521085,627098,1
521085,1004977,1
521201,849819,1
521253,1178356,1
521253,1222902,1
521535,1656689,1
521844,567385,5
521844,1466568,2
522004,754357,1
522004,863228,1
522004,1194564,1
522004,1343012,1
523017,891547,1
523032,639164,1
523032,821399,2
523032,1123203,1
523032,1165601,1
523032,1229340,1
523032,1360349,1
523032,1555395,2
523032,1612467,2
523032,1612738,1
523533,849520,1
523533,1270047,1
523535,1191225,1
523535,1323047,1
523535,1708361,1
524175,1206667,1
524382,734027,1
524382,933788,1
524382,1012087,1
524382,1284839,1
524382,1471531,1
524382,1668125,1
524468,1124345,1
524570,1563394,1
524805,596884,1
524805,904222,1
525262,619018,1
525262,847570,1
525262,1556072,1
525582,579573,1
525582,993810,1
525582,1551612,1
525582,1629538,1
526246,538323,1
526246,1136650,1
526450,1120219,1
526450,1139786,1
526900,1698809,1
527485,554203,1
527485,1535303,1
528784,651641,1
530459,532167,1
531177,957063,1
531352,536062,1
531352,539578,1
531352,1262870,1
531352,1287428,1
531352,1618782,1
531696,1339272,1
531696,1551612,1
532138,968258,1
532138,1352886,1
532138,1554904,1
532167,667435,2
532167,667436,1
532167,682633,4
532167,1168903,1
532167,1674070,1
532397,658843,1
532397,1660145,1
532456,730910,1
532456,1551612,1
532470,708915,1
532470,1034275,1
532470,1097853,1
532494,681635,1
532494,1402449,1
532494,1631565,1
534055,772572,1
534055,1155267,1
534693,842185,1
535800,941501,1
535870,1114942,2
535952,1150127,1
535952,1510221,1
535952,1633295,1
536062,539578,1
536062,1262870,1
536062,1287428,1
536062,1555395,1
536062,1612738,1
536062,1618782,1
536687,989916,1
536687,1304547,1
536687,1325560,1
537488,537920,1
537597,1120029,1
537597,1315408,1
537597,1608333,1
538145,1016010,1
538145,1020233,1
538319,769041,1
538319,1355108,1
538323,1136650,1
538830,987795,1
539433,1608076,1
539498,570876,1
539498,1535308,1
539505,1539010,1
539545,847570,1
539545,1666614,1
539578,1262870,1
539578,1287428,1
539578,1618782,1
539581,1699311,1
539646,793909,1
539646,970587,1
539646,1027328,1
539646,1149127,1
539654,1414921,1
539697,765068,1
539697,1666439,1
539853,980612,1
539853,1346193,1
541992,767742,1
543529,805299,1
543529,905637,1
543654,676333,1
543654,805339,1
543968,827003,1
543968,863381,1
543968,1032984,1
543968,1576992,1
544673,702397,1
544673,1657844,1
546401,829605,1
546401,909394,1
546401,1381125,1
546401,1525952,1
546789,1193999,1
546789,1429034,1
547814,1581043,1
547871,1328266,1
550371,561042,1
550371,1490387,1
550371,1603434,1
551288,1111450,1
552489,926153,1
552489,1114942,1
552823,584659,1
552823,585020,1
552823,649730,1
552823,885663,1
552823,903057,1
552823,1197328,2
552823,1584077,1
552823,1629362,1
552834,632849,2
552834,771611,1
552834,1274219,1
552834,1309657,1
552834,1405542,1
552834,1563394,2
552931,1106084,1
554203,848486,3
554203,880722,2
554203,1077615,2
554203,1524221,2
554203,1535303,3
555078,704210,1
555078,850154,1
555078,1116475,1
555573,1534453,1
555573,1646166,1
556144,1580315,1
556144,1630228,1
558445,1328266,1
558445,1336589,1
559539,667658,1
559539,1667714,1
560635,1476105,1
561042,1035932,1
561042,1490387,1
561042,1603434,1
561135,1222902,1
562162,590042,1
562370,890288,2
562630,1563703,1
562662,1077025,1
563954,1167651,2
563954,1664238,1
565531,1581401,1
565787,680277,1
565787,869427,1
565787,969432,1
566019,626198,1
566019,676333,1
566321,874723,1
567345,664216,1
567345,1095139,1
567345,1430839,1
567345,1644558,2
567385,1466568,2
567515,1641184,1
567715,607063,1
567715,1118659,1
567715,1143576,1
567715,1162110,1
568091,1563703,1
568211,1031765,1
568211,1473870,1
568463,621166,1
568463,1098396,1
568463,1632700,1
570876,1157925,1
570876,1535308,1
570876,1665372,1
570941,610441,1
572593,759439,1
572593,919791,1
572593,1192847,1
572652,1555647,1
572652,1621674,1
574026,994130,1
574732,793368,3
574732,1137328,1
575016,1104890,1
575016,1105374,2
575016,1357162,1
575016,1446477,1
575016,1510880,2
575474,581002,1
575474,623822,1
575474,645764,1
575474,1482853,1
575691,1138030,1
575691,1524871,1
575972,1034397,2
575972,1436757,1
577389,1356729,1
578881,588171,1
578881,1352193,1
579573,993810,1
579573,1551612,1
579573,1629538,1
580053,596771,1
580053,1320056,1
580053,1531188,1
580053,1711030,1
580586,591284,1
580586,1118392,1
580642,929627,1
580654,849964,2
580654,1078357,2
580654,1115756,1
580654,1133910,1
580654,1233248,1
581002,623822,2
581002,645764,1
581002,923066,1
581002,1482853,2
581590,1454471,1
582824,715863,1
582824,1159200,1
582824,1604728,1
582997,1680915,1
583083,596884,1
583083,1303570,1
583351,961635,1
583351,1612939,1
583529,1343461,1
583529,1405926,1
583687,654649,1
584659,649730,1
584659,1197328,1
584659,1629362,1
585020,1197328,1
585020,1669861,1
585020,1686955,1
586938,813100,1
586938,844060,1
587351,730910,1
587351,864212,1
587351,973203,1
587351,1662451,1
587406,1407936,1
587979,1265824,1
588171,1352193,1
590362,1506013,1
591237,1379870,1
591284,830260,1
591284,1091051,1
591284,1118392,1
591284,1469134,1
591535,945986,1
591535,1161735,1
591535,1674968,1
591535,1708960,1
592908,649279,1
593098,1554666,1
593624,904222,1
595755,1131413,1
595767,667119,1
595767,830165,1
596053,949666,2
596053,1536309,1
596112,768045,1
596771,1192850,1
596771,1354514,1
596771,1711030,1
596813,1425829,1
596823,1573607,1
596823,1579136,2
596884,904222,3
596884,1303570,1
604522,1188964,1
604755,618942,1
604911,909247,1
604911,1007950,1
604911,1625774,1
605009,720285,1
605009,850790,1
605009,917221,2
605009,948127,1
605009,1579065,2
605040,909281,1
605040,1120996,1
607063,1118659,1
607063,1143576,1
607063,1162110,1
607575,747473,1
607575,803617,1
607575,814056,1
607575,1222902,1
607575,1603275,1
608302,1263589,1
612605,1602934,1
614387,1200549,1
614387,1323032,1
614387,1693163,1
615671,702867,1
615671,1637129,1
615910,656383,1
617966,852652,1
617966,1379100,1
618645,1016632,1
618942,1083073,1
619018,847570,1
619018,1556072,1
620455,771558,1
620574,633127,1
620574,1631822,1
620904,1629666,1
621166,1143154,1
621348,885011,1
623822,645764,1
623822,923066,1
623822,1482853,2
624312,654910,1
624312,730910,1
624312,959056,1
624312,1151200,1
624312,1212505,1
624312,1654970,1
625054,731615,1
626198,676333,1
626823,773973,1
626823,956571,1
626823,1081001,1
629033,1398249,1
629382,1249192,1
629895,1192739,1
630142,1131476,1
630142,1165902,1
632770,862275,1
632770,1078041,1
632770,1546111,2
632770,1698681,3
632849,771611,1
632849,1563394,1
632893,1114942,1
632893,1199310,1
632893,1310964,1
632893,1682645,1
633094,1119049,1
633127,768843,1
633127,1631822,1
633711,1664238,1
634051,1136814,1
634341,1536424,1
635469,910458,1
635469,1133433,1
635823,989221,1
635823,1379870,2
636102,1152330,1
638805,1626237,1
639164,821399,1
639164,1229340,1
639164,1360349,1
639164,1555395,1
639164,1612467,1
639164,1612738,1
643440,1119049,1
644014,949876,1
644962,1608333,1
644972,1149509,2
644972,1185514,2
644972,1194519,1
645353,1237504,1
645353,1581110,1
645353,1708361,1
645764,1482853,1
647779,1412700,1
648605,876970,1
649343,1104383,1
649729,823351,1
649729,1535197,1
649730,1197328,1
649730,1629362,1
650363,922181,1
650363,1026969,1
650363,1204081,1
650363,1466400,2
650577,1361043,1
650577,1690508,1
650898,1169313,1
650898,1286087,1
650898,1604032,1
650898,1604769,1
657532,1357823,2
658297,1169909,1
658843,1660145,1
659662,1355231,1
661634,756639,1
662407,1398249,1
662407,1428394,1
664155,802364,1
664155,1668397,1
664216,1644558,1
666476,1193999,1
666476,1222902,1
666476,1603275,1
667119,830165,1
667658,1667714,1
667831,908144,1
667831,1284700,1
667956,1014074,1
667956,1579818,2
668010,1701367,1
668832,827369,1
668832,900237,1
670393,1630382,1
670513,778459,1
670513,831462,1
670513,1314805,1
670513,1439763,1
670513,1612766,1
670513,1705477,1
672540,1586812,1
673226,1260049,1
676333,805339,1
676333,830866,2
676333,1005461,2
676333,1674341,2
677381,1265372,1
677381,1552613,1
677887,1034397,1
679884,721725,1
679884,767097,1
679884,805118,1
679884,1528899,1
680277,869427,1
680277,969432,1
681533,800771,1
681533,1300290,1
681635,1402449,2
681635,1631565,1
682633,1674070,1
682899,1602931,1
685988,1645947,2
689432,715863,1
689904,1153920,1
689904,1657500,1
690472,1194519,1
690693,1118364,1
693429,1126535,1
702397,1399305,1
702397,1657844,2
703713,1242943,1
703713,1482850,1
704210,850154,1
704210,1116475,1
704287,1585312,1
705348,816350,1
705348,1540428,1
705583,860703,1
705583,1166313,1
705583,1342063,1
705583,1603699,2
708915,839850,1
708915,1034275,1
708915,1097853,1
709906,1100701,1
713780,1657500,1
714377,1175876,1
715742,982770,1
715863,1159200,1
715863,1604728,1
716339,876949,1
717441,1166246,1
717448,1099509,1
717757,1189781,1
717757,1627114,1
718866,1465043,1
718866,1668978,1
720243,1267566,1
721723,768665,1
721723,831418,1
721723,842130,1
721723,922181,2
721723,1102663,1
721723,1147918,1
721723,1352072,1
721723,1583540,1
721725,767097,1
721725,805118,1
721725,1528899,1
721874,868927,4
721874,884692,1
721874,1052108,1
723112,903306,1
723112,1625554,1
724453,725068,1
724453,1492794,1
725068,1492794,1
726304,1488848,1
727262,1364874,1
728734,805604,1
728734,1158347,1
728734,1310060,1
728734,1504351,1
729076,1521603,1
730031,861171,1
730031,1008560,1
730031,1233243,2
730458,968113,1
730910,864212,1
730910,959056,1
730910,973203,1
730910,1191433,1
730910,1469743,1
730910,1551612,3
730910,1662451,1
731615,1604579,1
732007,790972,1
733461,812683,1
733461,917018,1
733461,1336772,1
733461,1420822,1
734027,1284839,1
734027,1471531,1
734086,1133740,1
735112,1286889,1
735112,1641126,1
735293,1325560,1
740023,741727,1
740129,1027403,1
741194,752999,1
741194,1638854,1
741385,754184,1
741385,1026008,1
745197,1142069,1
745677,1201431,2
745677,1677870,2
747366,1438620,1
747473,803617,1
747473,814056,1
747473,1222902,1
747473,1603275,1
749550,1259503,1
749629,1581312,1
752845,810437,1
752889,990997,1
752889,1469538,1
752999,1638854,1
754184,1026008,1
754354,1220010,1
754357,863228,1
754357,1194564,1
754357,1343012,1
754631,1271623,1
755428,1540887,1
756618,1322705,1
757333,1673638,1
758263,1260856,2
759439,919791,1
759439,1192847,1
760402,841367,3
760402,1111973,1
760402,1180582,1
760402,1582834,1
760402,1593637,1
760402,1707622,1
761713,1107339,1
761713,1169909,1
761713,1258634,1
765068,1666439,1
766575,1084444,1
767097,805118,1
767097,1528899,1
767133,774961,1
767742,827993,1
767742,1333179,1
767742,1480237,1
768665,831418,1
768665,1147918,1
768843,1348360,1
769041,1355108,1
769248,804270,1
769248,1206667,1
769248,1511907,1
769248,1526388,1
769752,1197747,1
769752,1558411,1
769752,1626237,1
769963,803013,1
769963,1480702,1
770147,1478671,1
771611,1563394,1
772572,921324,1
772572,955340,1
772572,1155267,2
772572,1325885,1
772572,1546626,1
773973,956571,1
773973,1081001,1
778459,831462,1
778459,1314805,1
778459,1439763,1
778459,1612766,1
778459,1705477,1
779274,874723,1
779274,1618180,2
781098,842141,1
781098,1283717,1
782577,1552562,1
782577,1556428,1
786128,1146776,1
786145,1653450,1
788516,1337695,1
788516,1583364,1
790935,942986,1
791110,1342253,1
791499,1618960,1
791828,809889,1
791964,902431,1
791964,1624015,1
793177,834708,1
793177,1269207,1
793368,1137328,1
794853,874723,1
796390,803514,1
800771,1300290,1
801394,1428133,2
801414,1567735,1
802364,1668397,1
802955,1556428,1
803013,1480702,1
803370,1456214,1
803617,814056,1
803617,1222902,1
803617,1603275,1
803898,805339,1
803898,1604991,1
803905,1191433,1
804270,1206667,1
804270,1511907,1
804270,1526388,1
804273,1120524,1
804767,1014923,1
804969,1158347,1
804969,1179823,1
804969,1310060,1
805118,1528899,1
805299,905637,1
805339,1524848,1
805339,1604991,1
805604,1158347,1
805604,1310060,1
805604,1504351,1
805629,992824,2
806376,1522928,2
806376,1698464,2
808663,863381,1
811494,1686498,1
812683,917018,2
812683,1336772,1
812683,1420822,2
813100,844060,1
814056,1222902,1
814056,1603275,1
816350,975037,1
816350,1240325,1
816350,1540428,1
817988,939002,1
817988,1621104,1
821399,1123203,1
821399,1165601,1
821399,1229340,1
821399,1360349,1
821399,1555395,2
821399,1612467,2
821399,1612738,1
823351,1535197,1
823804,1027235,1
823804,1135730,1
827003,863381,1
827003,1032984,1
827003,1576992,1
827369,900237,1
827993,1333179,1
829605,909394,1
829605,1381125,1
829605,1525952,1
830165,1195760,1
830170,924437,1
830170,1132741,2
830260,1091051,1
830866,1005461,2
830866,1674341,2
831418,1147918,1
831462,1314805,1
831462,1439763,1
831462,1612766,1
831462,1705477,1
831476,852087,1
831476,1132948,1
831699,1154258,1
832273,881182,2
832273,981982,1
832273,1194519,4
832273,1242123,1
832273,1292542,1
834228,929627,3
834228,1064221,3
834708,1269207,1
836530,1695710,1
836788,1562014,1
836788,1574536,1
837424,1097501,1
837424,1426946,1
839831,1183850,1
840117,1137573,1
841367,1111973,2
841367,1582834,1
841367,1593637,1
841367,1707622,1
841393,1125836,1
841393,1619288,2
842130,1102663,1
842130,1583540,1
842141,1283717,1
847570,955646,1
847570,1556072,1
847570,1666614,1
848446,1549345,1
848486,880722,2
848486,1077615,2
848486,1524221,2
848486,1535303,2
848748,941501,1
849520,1270047,1
849520,1272069,1
849520,1369867,1
849560,892292,1
849560,1494679,1
849964,1078357,2
849964,1115756,1
849964,1133910,1
849964,1233248,1
850154,1107277,1
850154,1116475,1
850386,1105725,1
850790,1579065,1
851097,864976,1
851097,1016076,1
851464,920978,1
851464,1218390,1
852087,1132948,1
855700,1094934,1
855700,1523312,1
861156,1370017,1
861171,1233243,1
861753,1046337,1
861753,1429034,1
862275,1698681,1
863228,1194564,1
863228,1343012,1
863315,1007795,1
863381,1032984,1
863381,1576992,1
864212,973203,1
864212,1662451,1
864976,1016076,1
864976,1093731,1
864976,1509916,2
865518,1618960,1
867095,1163215,1
867095,1680915,1
868272,1475709,1
868923,1553198,1
868927,1652699,1
868934,874723,1
868934,1074844,1
868934,1114942,1
868934,1242123,1
869237,1161581,1
869237,1652748,1
869333,1372086,1
869427,969432,1
870345,1046337,1
872463,1402449,1
872463,1410998,1
872504,1622190,1
874723,1074844,1
874723,1114942,1
874723,1242123,1
874723,1408251,2
874723,1618180,1
874723,1648995,2
874723,1699130,2
875089,973203,1
875626,887836,1
875626,1640260,1
876970,1001759,3
876970,1338372,2
876970,1553198,1
876970,1602931,1
877017,1612968,1
877149,1573607,1
877192,1242123,1
878607,1028091,1
878883,1258634,1
879061,916924,1
880722,1077615,2
880722,1524221,2
880722,1535303,1
881182,1194519,2
882006,1465043,1
884692,1052108,1
885409,984882,1
885409,993726,2
885663,903057,2
885663,1584077,1
885663,1660706,1
885802,1087416,1
887836,1640260,1
890170,1194519,1
890288,1287507,1
890730,1652699,1
890730,1672919,1
891928,1361672,1
891928,1524871,1
892292,1494679,1
897671,909247,1
897688,1165140,1
898811,1654895,1
898811,1671107,1
899610,1629618,1
902181,1292968,1
902181,1695178,1
902431,1624015,1
902650,1318540,1
903057,1584077,1
903057,1660706,1
903306,1625554,1
905253,1664507,1
908144,1284700,1
908370,1606169,1
909222,1444730,1
909247,1007950,1
909247,1625774,1
909257,1213127,1
909257,1573607,1
909257,1579136,1
909281,1120996,1
909281,1619678,1
909394,1381125,1
909394,1525952,1
910458,1133433,1
910458,1451221,1
913019,1650436,1
913835,1076805,1
913835,1508968,1
913835,1528250,1
914967,1210142,1
914970,995035,1
917018,1117469,1
917018,1336772,1
917018,1420822,2
917221,1524514,1
917221,1579065,1
919791,1192847,1
920147,1480702,1
920978,1218390,1
921010,1026691,1
921010,1313689,1
921137,1049445,1
921324,1546626,1
922181,1204081,1
922269,1197658,2
922269,1381509,1
922323,1474640,1
922323,1611711,1
922337,924152,1
922337,1335235,1
922652,1629808,1
922973,1196248,1
923066,1482853,1
923505,1037563,1
923505,1105745,1
923505,1132948,1
923924,1043585,1
923924,1649356,1
924152,1335235,1
924437,1132741,1
926153,1620097,1
928516,1191133,1
929627,1064221,3
929627,1193840,1
933788,1012087,1
933788,1668125,1
934710,1051997,1
939002,1035464,1
939002,1323047,1
939002,1621104,1
939304,989112,1
939304,1510142,1
939304,1586374,1
941501,1033381,1
942704,1102397,1
942948,969211,1
943420,1532420,1
944698,1008173,1
945986,1161735,1
945986,1674968,1
945986,1708960,1
949666,1120029,1
949666,1536309,1
951398,1253558,1
953034,1115858,1
953034,1176148,1
954827,1026691,1
954827,1319479,1
955145,990997,1
955145,1702811,1
955340,1155267,1
955340,1325885,1
956449,1371077,1
956571,1081001,1
957685,1571972,1
958701,1480651,1
960513,1372630,1
961635,1612939,1
961650,988528,1
961650,1157261,1
961650,1395958,1
966469,1354118,1
969840,1596728,1
970587,1149127,1
973203,1062506,1
973203,1428458,1
973203,1662451,1
975037,1240325,1
977992,1622190,1
980612,1346193,1
981982,1242123,1
981982,1292542,1
982477,1225342,1
987795,1001275,2
987795,1024922,1
987795,1614045,1
987795,1711494,1
988528,1157261,1
988528,1395958,1
989083,1166090,1
989083,1240079,1
989083,1265948,1
989083,1513201,1
989083,1645402,1
989112,1510142,1
989112,1586374,1
989221,1379870,1
989916,1304547,1
989916,1325560,1
990997,1469538,2
991520,1185514,2
992328,1318540,1
992923,1665372,1
993810,1551612,1
993810,1629538,1
993849,1127086,1
994049,1227515,1
995035,1086988,1
995035,1347120,1
995470,1088832,1
996611,1405564,1
996611,1551612,1
1001759,1660706,1
1005461,1674341,2
1007950,1625774,1
1008560,1233243,1
1010315,1290415,1
1010315,1702811,1
1011761,1615886,1
1012087,1668125,1
1014074,1579818,1
1014154,1638741,1
1016010,1020233,1
1016632,1526671,1
1018007,1098396,1
1018007,1361320,1
1026691,1313689,1
1026691,1319479,1
1026969,1466400,1
1027235,1135730,1
1027446,1045090,1
1027456,1033381,1
1027532,1304547,1
1027532,1325560,1
1031765,1473870,1
1032984,1576992,1
1034275,1097853,1
1034397,1364394,1
1035104,1162008,1
1035464,1323047,1
1035878,1395887,1
1035878,1486455,1
1037346,1425704,1
1037563,1105745,1
1037563,1132948,1
1040082,1187958,1
1044298,1133531,1
1044298,1658278,1
1044552,1598977,1
1045365,1551810,1
1046337,1429034,1
1048365,1192607,1
1052084,1696004,1
1053031,1446178,1
1053031,1513350,1
1053804,1161797,2
1053804,1553524,1
1056385,1559032,1
1056428,1586020,1
1059510,1369633,1
1060150,1289943,1
1062154,1356419,1
1062485,1423633,1
1062506,1428458,1
1073133,1526560,1
1074844,1114942,1
1074844,1242123,1
1076805,1508968,1
1076805,1528250,1
1077615,1524221,2
1077615,1535303,1
1078041,1546111,1
1078357,1115756,1
1078357,1133910,1
1078357,1233248,1
1080209,1538282,1
1081846,1117450,1
1081846,1371077,1
1083073,1553426,1
1086988,1347120,1
1087787,1105598,1
1088222,1242123,1
1089709,1092421,1
1089709,1690915,1
1090577,1418035,1
1090577,1603136,1
1091255,1133385,2
1092421,1690915,1
1093731,1509916,1
1094475,1218486,1
1094475,1441259,1
1094475,1535749,1
1094934,1523312,1
1095139,1430839,1
1097150,1193697,1
1097501,1426946,1
1097610,1192871,1
1097610,1630228,1
1098396,1361320,2
1098396,1632700,1
1099074,1539841,1
1100701,1657600,1
1101206,1354464,1
1101206,1674070,1
1102663,1247790,1
1102663,1583540,3
1104383,1480655,1
1104383,1616922,1
1105374,1446477,1
1105374,1510880,1
1105745,1132948,1
1107339,1169909,1
1107339,1258634,1
1107594,1108023,1
1107594,1271852,1
1107594,1306211,1
1107594,1460683,1
1107594,1650656,2
1114942,1199310,2
1114942,1242123,1
1114942,1310964,2
1114942,1358797,1
1114942,1596728,2
1114942,1682645,1
1115756,1133910,1
1115858,1176148,1
1117450,1371077,1
1118659,1143576,1
1118659,1162110,1
1119028,1604319,1
1119049,1662451,1
1120029,1315408,1
1120029,1608333,1
1120219,1139786,1
1122308,1242334,1
1122308,1457636,1
1122459,1299391,1
1122459,1335101,1
1122459,1351785,1
1122459,1629533,1
1123203,1165601,1
1123203,1555395,1
1123203,1612467,1
1123210,1495780,1
1124685,1688416,1
1125836,1619288,1
1125854,1142024,1
1130157,1485478,1
1130157,1622190,1
1130803,1138343,1
1130803,1161581,1
1131476,1165902,1
1133438,1180305,1
1133438,1306717,1
1133531,1658278,1
1133740,1191433,1
1135378,1702811,1
1137419,1614047,1
1138030,1524871,1
1138343,1161581,1
1139766,1265372,1
1139935,1636577,1
1139935,1661638,1
1140778,1332208,1
1140778,1695455,1
1142138,1274443,1
1143576,1162110,1
1143962,1635196,1
1149509,1185514,2
1149509,1194519,1
1150127,1510221,1
1150127,1633295,1
1151200,1212505,1
1151200,1654970,1
1152684,1453964,1
1152684,1583540,1
1153920,1657500,1
1154238,1654970,1
1155267,1325885,1
1155786,1697170,1
1157261,1395958,1
1158347,1179823,1
1158347,1310060,2
1158347,1504351,1
1159200,1604728,1
1161428,1694068,1
1161581,1253558,1
1161581,1652748,1
1161735,1479900,1
1161735,1674968,1
1161735,1679253,1
1161735,1693056,1
1161735,1708960,1
1161797,1553524,1
1163215,1680915,1
1165601,1555395,1
1165601,1612467,1
1166090,1240079,1
1166090,1513201,2
1166313,1342063,1
1166313,1603699,1
1167131,1687541,1
1167651,1664238,1
1168354,1517708,1
1169023,1179064,1
1169023,1502047,1
1169023,1634433,1
1169313,1286087,1
1169313,1604032,1
1169313,1604769,1
1169909,1258634,1
1169909,1667776,1
1175212,1650656,1
1175471,1487792,1
1175471,1581166,1
1176201,1235262,1
1176385,1191345,1
1177265,1178293,1
1177265,1329922,1
1177270,1613348,2
1177970,1330471,1
1177970,1709879,1
1178293,1329922,1
1178356,1222902,1
1178523,1648038,1
1178523,1690953,1
1179028,1700565,1
1179064,1256168,1
1179064,1502047,3
1179064,1603699,1
1179647,1688000,1
1179823,1310060,1
1180305,1306717,1
1180582,1634433,1
1184581,1422580,1
1184581,1542357,1
1185514,1194519,1
1185514,1398249,1
1185514,1428394,1
1185534,1550293,1
1185975,1681405,1
1186909,1665372,1
1189781,1627114,1
1191225,1323047,1
1191433,1512456,1
1191433,1551612,1
1192739,1707622,2
1192850,1354514,1
1192850,1513350,1
1192871,1630228,1
1193999,1222902,1
1193999,1429034,1
1194519,1226323,1
1194519,1242123,1
1194519,1417840,1
1194519,1652699,1
1194564,1343012,1
1195814,1322329,1
1195814,1551612,1
1196440,1519712,1
1197328,1629362,1
1197658,1381509,1
1197747,1558411,1
1197747,1626237,1
1197747,1674999,1
1198184,1315408,1
1199310,1682645,1
1200549,1323032,1
1200549,1693163,1
1201431,1677870,2
1203762,1502066,1
1206667,1511907,1
1206667,1526388,1
1206693,1622456,1
1208435,1323032,1
1212505,1654970,2
1213127,1573607,1
1213127,1579136,1
1213631,1282487,1
1213921,1342063,1
1213921,1603699,1
1219425,1522439,1
1222902,1253443,1
1222902,1272069,1
1222902,1274322,1
1222902,1415728,1
1222902,1415731,1
1222902,1603275,1
1226323,1242123,1
1227515,1633944,4
1227520,1242125,1
1228838,1551612,1
1229340,1360349,1
1229340,1555395,1
1229340,1612467,1
1229340,1612738,2
1231897,1349638,1
1237504,1581110,1
1237504,1708361,3
1238089,1673762,1
1240079,1513201,1
1242123,1292542,1
1242943,1482850,1
1245926,1425829,3
1250295,1331134,1
1250952,1491735,1
1253443,1274322,1
1259444,1622190,1
1259503,1573607,2
1262467,1620049,2
1262870,1287428,1
1262870,1618782,1
1265372,1552613,1
1265948,1645402,1
1266360,1316168,1
1271404,1510099,1
1271623,1357489,2
1271623,1441887,2
1271623,1603699,4
1272069,1369867,1
1272069,1415731,1
1274123,1369867,1
1274219,1309657,1
1274443,1337821,1
1274443,1629618,1
1280656,1328687,1
1280656,1535016,1
1284839,1471531,1
1286087,1604032,1
1286087,1604769,1
1286889,1641126,1
1287428,1618782,1
1287476,1478671,1
1289943,1563394,1
1290415,1702811,1
1292968,1695178,1
1299391,1351785,1
1299391,1629533,2
1304547,1325560,2
1306717,1630460,1
1310060,1504351,1
1310964,1596728,1
1314805,1439763,1
1314805,1612766,1
1314805,1705477,1
1315408,1608333,1
1318540,1398481,1
1319859,1707622,1
1322329,1464779,1
1323032,1442475,1
1323032,1693163,1
1328266,1336589,1
1328266,1583314,1
1328687,1535016,1
1329048,1440831,1
1329048,1573607,1
1330471,1709879,1
1332208,1695455,1
1336772,1420822,1
1337400,1429034,1
1337400,1693674,1
1337695,1583364,1
1337821,1629618,1
1339272,1551612,1
1342063,1357489,1
1342063,1603699,5
1343461,1405926,1
1348360,1698809,1
1348669,1381125,1
1348669,1512093,1
1351785,1356371,1
1351785,1629533,1
1352567,1602638,1
1352567,1683279,1
1352886,1554904,1
1354464,1674070,1
1357489,1441887,2
1357489,1603699,3
1358797,1596728,1
1360349,1555395,1
1360349,1612467,1
1360349,1612738,1
1360723,1360969,1
1361043,1690508,1
1361672,1524871,1
1363618,1477895,1
1367580,1615886,1
1367580,1650436,2
1368416,1693155,1
1381125,1512093,1
1381125,1525952,1
1382691,1704302,1
1383334,1632312,1
1395887,1486455,1
1397702,1563394,1
1398249,1428394,3
1398249,1469208,1
1398249,1584402,1
1399305,1657844,1
1402449,1410998,3
1402449,1631565,1
1405542,1563394,1
1405564,1551612,1
1405666,1410998,1
1405666,1418351,1
1408251,1648995,2
1408251,1699130,2
1410998,1418351,1
1415869,1540887,1
1417034,1602810,1
1418035,1603136,1
1421797,1497894,1
1422580,1542357,1
1422842,1450763,1
1428394,1469208,1
1429034,1693674,1
1436415,1534756,1
1436415,1544057,1
1436415,1695710,1
1438152,1684078,1
1438334,1683703,1
1438620,1589023,1
1439763,1612766,1
1439763,1705477,1
1441259,1535749,1
1441887,1603699,2
1446178,1513350,1
1446477,1510880,1
1448955,1563394,1
1453964,1583540,1
1456214,1593499,1
1460351,1638244,1
1460683,1650656,1
1465043,1668978,1
1469743,1551612,1
1478671,1524766,1
1478671,1571641,1
1479900,1679253,1
1479900,1693056,1
1480655,1616922,1
1482471,1570590,1
1485478,1622190,1
1487792,1581166,1
1490387,1603434,1
1502047,1603699,1
1503289,1551200,1
1503940,1697003,1
1508968,1528250,1
1510142,1586374,1
1510221,1633295,1
1511907,1526388,1
1513005,1565479,1
1522928,1698464,2
1523335,1525174,1
1524221,1535303,1
1524514,1621556,1
1526884,1683115,2
1534308,1536460,1
1534453,1646166,1
1534756,1544057,1
1534756,1695710,1
1544057,1695710,1
1546111,1698681,1
1551612,1629538,1
1552562,1556428,1
1553524,1592548,1
1553872,1596333,1
1555388,1652699,1
1555395,1600170,1
1555395,1612467,2
1555395,1612738,3
1555647,1621674,1
1558411,1626237,1
1558978,1648464,1
1562014,1574536,1
1566983,1677978,1
1566983,1694590,1
1573607,1579136,2
1578696,1623743,1
1580315,1630228,1
1581110,1708361,1
1582834,1707622,1
1594505,1616309,1
1600170,1612738,1
1602343,1615886,1
1602343,1650436,1
1602638,1683279,1
1604032,1604769,1
1612467,1612738,1
1612766,1705477,1
1615886,1629618,1
1615886,1650436,3
1626237,1627225,1
1629618,1650436,1
1636577,1661638,1
1648038,1690953,1
1648995,1699130,2
1652699,1672919,1
1654895,1671107,3
1666594,1666773,1
1669861,1686955,1
1674968,1708960,1
1677978,1694590,1
1679253,1693056,1
